image_id,prediction_string
000000001171,41 270.877 99.185 78 611.991 231.000 131 104.000 332.000
000000002270,27 308.033 229.911 246 521.974 186.545 64 234.594 142.000 6 568.000 78.000 67 47.000 283.991 18 458.000 255.000
000000002536,227 547.000 172.000 113 127.073 164.000 185 145.034 307.092 0 530.000 272.000 64 446.033 84.000 70 384.983 77.017 103 450.000 294.000
000000004442,60 58.826 146.261 46 584.979 218.979 207 171.860 29.000
000000005483,120 241.013 286.934 233 342.000 291.000
000000006539,134 300.025 93.437 138 313.011 244.062 43 487.555 198.966 130 282.000 183.094
000000009091,47 510.087 281.981 41 40.037 219.000 198 262.859 99.821 82 56.000 77.000
000000009983,203 398.917 277.031 106 205.686 139.619 206 505.922 341.000 231 600.000 106.973 33 128.000 97.000 50 537.000 192.000
000000013670,72 446.000 243.953 104 302.000 113.000 148 158.974 54.870 190 139.000 312.000
000000015409,38 488.072 71.000 126 566.000 332.000 21 293.491 305.000 23 137.018 37.000
000000015528,207 514.217 108.000 29 605.094 49.000
000000015653,175 571.000 125.481 99 432.000 84.000 37 594.196 190.982 148 461.933 285.520 17 24.000 230.000 170 251.063 41.048
000000017613,202 526.973 154.973 164 224.339 59.242
000000018641,24 368.990 200.010 68 227.966 156.983 224 556.932 74.137 190 226.033 194.000 189 127.000 189.000 189 442.000 276.000 22 410.000 42.000
000000019358,149 552.882 143.088 144 100.000 141.227 146 270.957 100.000
000000019385,144 366.000 24.044 144 139.132 311.912 86 176.029 244.971 24 467.969 243.020 157 531.643 152.000 240 122.979 136.957 12 174.000 39.000 142 557.700 159.000 46 607.000 40.000
000000019737,116 165.990 208.010 145 485.045 95.000 182 35.966 196.000 67 298.000 192.019 211 320.000 246.000
000000020254,144 283.000 227.000 71 134.983 66.967 189 245.000 59.000 101 325.000 270.000 232 298.000 183.000 114 550.889 227.556
000000021972,108 261.000 146.011 87 588.000 157.111 162 180.985 135.197 40 114.000 240.000
000000022087,28 130.916 308.000 219 434.410 258.564
000000027569,237 171.762 150.762 66 512.013 92.000
000000029327,188 425.026 303.983 175 23.000 297.000 96 229.500 136.516
000000030068,46 303.114 141.067 152 172.000 232.823 190 220.982 130.171 170 284.468 261.456 33 44.111 246.000 19 504.000 49.946 204 500.725 261.011 68 140.000 44.000
000000032522,210 384.907 265.619 118 156.989 162.091 54 125.966 264.143 147 575.504 167.000 211 38.961 208.000 10 387.000 327.000 71 281.122 57.939 122 444.000 134.000
000000033405,145 521.962 143.987 114 464.057 261.250 43 263.135 236.189
000000033500,242 126.226 97.140 68 487.146 193.988 116 120.000 47.000 21 66.818 90.000 75 332.000 239.000
000000039643,73 316.083 274.011 226 249.172 145.000 10 415.011 237.944 142 227.500 327.500
000000043712,42 198.676 197.971 23 382.487 86.991 169 76.000 201.000 91 357.053 127.947 108 402.000 213.000
000000044140,85 195.068 102.907 49 584.000 59.000 244 574.605 202.012
000000045016,30 446.982 254.682 207 244.085 70.085 216 128.000 243.870 204 523.964 158.928 112 506.000 239.016 33 139.000 153.000 53 254.000 260.000 226 600.000 98.000
000000045040,86 394.790 112.000 66 241.029 149.981 184 195.615 165.026 87 285.072 53.010 200 592.000 263.000 132 66.000 80.000 9 109.000 282.000
000000045633,80 511.000 270.862 187 310.000 64.765 240 339.103 256.991 217 68.000 37.000
000000047511,45 240.778 229.513 40 391.012 173.988 17 184.000 105.000 56 337.322 99.000 164 591.098 315.549
000000047599,34 238.011 177.000 185 177.371 227.392 99 397.186 256.010 241 409.000 66.000
000000048791,155 143.807 133.017 137 414.092 246.974 44 300.000 39.000 49 261.000 232.000 11 443.739 60.696 13 75.081 77.097 126 538.038 19.000 62 101.000 77.158 136 486.000 322.000
000000051642,8 324.987 241.013 23 96.475 76.000 159 101.000 18.000 212 145.000 208.731 103 215.013 305.120
000000054949,190 199.000 254.000 99 480.000 79.000 157 431.188 246.094 16 582.000 110.000 220 191.000 134.000 20 132.205 264.057 68 475.000 244.000 35 84.000 233.000
000000054974,101 550.980 195.680 22 342.000 264.000 187 74.000 186.000
000000055514,94 274.000 211.000 174 565.740 77.877 58 484.000 288.000
000000059123,80 335.966 316.009 97 377.000 83.000 146 191.022 235.681 85 559.398 122.611 157 470.162 130.297 236 41.105 80.000 93 130.222 77.000 43 349.000 68.000 133 466.000 43.000 190 102.571 144.429
000000064599,82 504.386 137.571 187 447.000 245.088 22 250.000 246.000 63 410.763 15.763 120 117.991 294.028 25 363.288 276.288
000000064794,225 129.009 112.028 95 503.000 115.343 54 379.980 159.000 132 487.000 267.655 197 240.000 138.162 83 48.000 36.000
000000065773,117 465.786 159.000 63 528.012 135.425 10 257.000 185.000 97 58.032 200.000 190 452.000 77.000
000000065965,238 563.137 294.979 150 383.000 245.000 87 469.586 78.966 99 155.000 276.000
000000068581,177 584.421 29.000 30 411.000 26.000 139 168.000 203.000 33 342.000 66.000
000000068688,247 370.900 228.933 207 131.031 307.000 152 534.987 29.000
000000069325,70 174.032 251.957 42 286.000 87.842 132 41.924 203.763 135 58.000 234.885 46 518.000 190.000 142 448.000 97.000 249 374.325 33.000 89 397.000 155.000 152 609.000 58.108
000000071224,192 74.148 258.000 114 190.985 76.000 96 585.000 304.000 168 487.939 25.182
000000073045,105 295.000 179.848 62 570.904 264.880 77 132.960 115.990 34 121.038 273.000 169 85.905 267.000 166 462.763 282.203 166 24.000 343.000
000000073280,202 143.000 136.000 62 303.032 123.984 58 534.392 248.405 142 166.882 317.000 96 573.000 82.000 77 415.000 218.931 134 34.465 305.233 173 93.000 297.000
000000075906,29 486.052 262.948 111 477.025 70.962 115 298.042 108.958 8 210.000 316.402 156 416.000 339.000
000000076866,138 373.917 183.157 13 520.000 323.337 121 90.018 290.982 66 251.149 100.000 117 126.000 132.000
000000076937,4 441.011 64.787 76 113.013 160.173 154 618.383 62.000
000000077680,96 160.712 106.088 152 465.008 139.941 170 211.000 60.000 247 477.000 331.000
000000077814,41 131.011 207.341 196 478.000 341.500 33 383.250 95.792
000000079824,46 483.975 179.336 242 235.087 268.913 245 551.000 172.000 219 191.933 270.100
000000084884,11 302.467 167.641 195 356.474 320.664 164 514.000 258.157 170 257.000 190.000
000000094132,150 147.883 310.800 182 453.000 290.000 120 351.750 174.000 24 569.000 63.000
000000094392,65 446.017 238.128 138 485.972 55.069 215 514.000 314.000
000000094436,171 205.955 257.925 64 152.000 219.020 235 440.000 320.000 243 222.000 292.000
000000095809,123 455.977 225.023 237 163.630 51.588 102 156.038 286.000 172 178.569 310.121 130 110.983 169.252 124 513.034 286.689 33 233.014 83.041 42 387.000 168.000 134 252.000 158.000
000000096463,68 473.989 87.000 68 588.265 66.618 122 285.000 290.000 112 86.000 69.925 248 556.504 171.487 132 433.000 213.000 42 586.000 253.636 199 193.043 181.000
000000097311,106 569.605 195.615 68 323.000 90.125 24 187.032 100.000 167 319.000 136.000 65 515.000 36.000
000000098437,245 135.000 163.141 233 511.000 314.000 125 472.000 169.167 96 236.033 295.133
000000098514,202 286.000 279.000 8 428.476 80.000 43 152.000 325.000 163 128.904 59.288 188 59.955 84.273 206 384.886 194.000 18 557.000 168.000
000000098801,187 580.234 217.011 159 265.983 220.882 235 136.713 329.000 200 113.000 78.000
000000099567,204 181.973 177.000 181 368.104 113.000 9 287.000 202.011 209 237.000 42.889 192 514.964 238.741 78 239.000 285.000 188 567.000 276.167
000000101115,136 407.026 89.026 239 536.021 297.448 167 45.000 195.000 195 158.000 148.000 3 422.000 288.000
000000102989,174 253.066 262.921 179 297.965 25.034 99 463.000 66.000 206 394.000 111.000 199 592.049 48.049
000000104053,173 322.783 269.575 96 551.455 237.195 95 64.444 57.000 178 156.030 277.170 46 87.600 212.895 145 409.065 317.000
000000104596,44 441.946 143.075 44 119.025 287.037 160 125.220 71.018 155 313.000 71.953 179 386.097 93.000 70 429.205 57.615
000000107140,86 203.000 194.133 63 455.017 224.042 213 130.207 200.989 215 398.017 205.033 102 20.775 278.000 198 596.667 105.000 57 434.000 167.000
000000107741,86 579.000 218.891 210 162.000 291.000 177 86.000 225.000
000000108228,162 152.989 145.500 93 91.000 298.011 105 410.000 49.000 54 490.686 185.000 47 578.000 246.000
000000108451,15 218.900 223.370 146 249.000 32.000 44 158.000 151.057 214 345.989 65.898 244 95.991 189.000 23 158.000 333.974 194 591.000 227.938 233 335.979 213.021 116 225.000 144.000
000000109011,44 431.017 210.513 224 38.000 78.012 3 347.631 32.641 225 402.720 118.011
000000110758,29 52.017 56.017 49 501.009 88.000 239 245.990 219.010 148 289.165 75.927 83 26.000 205.513 25 152.000 41.000 8 517.000 250.737
000000112295,196 69.010 242.990 57 224.792 221.104 82 195.513 109.128 54 466.562 83.945 183 272.046 66.069
000000115676,134 173.000 303.971 11 414.903 246.946 172 37.000 218.368 6 66.966 297.991 173 302.000 209.869
000000116413,221 246.000 251.000 161 587.990 230.000 210 428.000 306.111 108 585.988 170.146
000000116722,241 344.980 259.112 27 111.791 223.000 111 234.931 196.736
000000116803,28 514.261 182.000 188 461.008 31.051 189 399.017 297.000 200 68.000 175.000 231 83.000 117.000
000000119922,57 331.821 235.829 233 236.080 292.010 224 60.011 228.989 182 541.000 109.494 122 177.364 288.429 103 596.000 303.000 235 119.000 25.444
000000125213,23 428.941 208.129 11 149.953 122.224 8 173.066 237.000 220 415.000 173.000 88 138.000 295.097
000000125586,214 507.856 289.598 168 575.000 52.000 67 226.000 38.000
000000126798,30 430.969 151.990 62 516.011 175.011 53 76.684 275.795 51 99.000 93.685
000000130681,102 105.945 176.978 10 228.010 95.010 43 26.000 298.036 132 584.000 291.000
000000131133,216 163.347 192.573 195 296.877 92.000 49 436.758 158.016 177 55.171 64.556 124 493.971 101.000 34 143.000 23.047
000000132420,218 520.983 297.983 224 115.000 214.000 158 71.961 295.711 21 186.846 88.000 48 174.880 128.000 132 244.026 233.759 171 311.000 54.000
000000140667,153 353.124 93.095 209 208.982 59.073 25 290.000 167.979 217 413.940 247.830 168 45.009 62.068 94 626.000 160.000 232 46.089 156.848
000000141807,143 169.072 258.099 194 525.025 212.000 92 419.510 150.120 93 79.983 312.508
000000141879,128 174.010 82.990 93 575.978 111.978 151 198.149 197.943
000000142108,72 184.896 139.766 209 221.000 9.000 39 546.000 37.000
000000143009,233 252.010 157.093 100 199.026 266.442 128 118.978 180.978 15 281.000 96.000 149 588.988 191.824 167 586.068 314.614
000000143085,244 354.867 258.988 127 465.000 40.000 76 533.009 87.897 63 558.000 186.000
000000145048,147 180.398 89.034 144 513.972 186.972 19 389.889 309.000 19 334.000 116.000 27 420.333 76.322 238 81.000 290.000
000000145793,96 329.978 259.912 108 54.265 106.000 21 203.000 56.000
000000150358,78 192.090 224.920 126 543.058 279.087 205 466.402 217.978 216 434.000 76.615
000000151265,124 364.017 228.000 232 523.987 269.095 27 546.909 133.106 125 299.068 312.000 231 161.885 16.000 8 327.600 115.800 130 390.000 336.000
000000151611,217 114.990 48.010 60 588.000 278.094 133 172.010 247.000 210 537.287 71.023
000000154686,162 113.000 291.982 108 359.649 101.622 99 219.028 204.019 163 83.000 124.028 57 495.000 134.000 226 584.000 46.000
000000158088,71 288.068 63.027 39 121.000 29.012 135 370.038 210.937 139 343.000 301.475 65 543.000 299.000 218 121.182 317.879 132 193.000 234.286
000000158384,213 266.661 176.017 16 522.901 109.069 128 338.902 55.863
000000159592,18 84.025 225.924 95 396.826 146.159 78 257.948 209.078
000000159756,213 442.978 87.045 6 391.246 288.169 50 110.937 83.979 174 566.898 131.610 162 312.022 161.176
000000160629,181 444.269 94.983 167 513.011 157.000 154 456.021 295.853 120 196.470 68.273 218 319.973 133.000 79 316.000 198.181 114 251.009 82.000 70 111.000 194.000
000000162213,244 293.253 225.505 99 387.983 287.303 161 115.451 203.529 204 57.118 30.196 61 148.000 325.000
000000163728,206 217.979 310.897 35 152.000 257.000 221 42.000 199.000
000000163777,203 99.860 228.021 103 586.000 275.000 249 549.000 70.000 249 504.000 302.000 139 127.013 19.104 149 238.891 115.000 197 510.942 151.058 198 616.000 80.500 210 37.000 119.000
000000167683,241 459.000 166.786 4 159.974 218.000 11 339.935 75.804 135 513.000 41.000 125 86.917 317.000
000000171766,246 330.991 67.072 44 119.983 227.101 41 556.255 118.000 172 65.643 56.631 193 617.000 169.000 136 138.000 81.000
000000173221,69 434.050 186.283 138 223.353 296.277 163 151.000 102.000 148 55.000 125.859 49 412.000 300.260
000000174157,64 523.025 133.775 211 243.000 254.927 25 52.896 240.910
000000177652,101 108.000 292.000 28 84.000 195.522 172 539.000 188.000 29 238.000 196.000
000000178382,222 287.000 71.000 141 114.000 296.000
000000178430,65 411.982 84.857 162 298.897 67.897 217 409.000 140.976 170 555.727 70.018 186 69.069 44.958 4 442.800 293.400 218 16.000 171.000
000000180045,174 261.018 220.991 155 101.832 104.000 99 177.974 312.000 120 418.106 306.911
000000180541,110 431.991 85.009 75 560.271 151.780 75 36.000 180.000 240 202.473 309.068 51 283.000 108.985 147 158.000 257.000 5 424.000 250.363
000000181386,98 556.000 150.124 56 524.000 299.000 0 36.000 183.000 151 130.000 28.000 90 25.000 138.983
000000188414,107 144.714 256.008 168 180.000 123.000 78 517.000 76.162 217 543.000 256.053 72 255.964 48.055
000000190415,156 503.110 43.000 183 568.017 239.706
000000191972,224 577.192 146.692 117 78.256 277.186 88 244.000 318.640 49 409.926 330.000 175 548.000 303.095
000000193629,4 210.991 297.038
000000194407,151 296.016 54.000 53 621.989 109.352
000000197444,104 303.933 28.653 57 625.310 303.655 59 597.000 124.000
000000198198,11 196.011 163.944 94 532.008 42.653 142 437.000 109.000 120 33.737 74.374 43 424.000 262.935 143 520.992 328.983 14 257.196 330.010 227 77.759 252.009
000000199112,28 581.740 127.731 180 200.739 220.243 175 288.806 254.417 76 99.000 141.966 50 446.053 46.000 231 351.297 35.692 194 204.000 77.947 138 77.000 330.021
000000200978,76 504.189 88.972 102 454.000 64.000 182 445.267 277.267 241 506.474 296.564
000000201010,77 583.257 234.564 185 315.000 147.036 162 420.976 209.951 151 197.000 291.000 36 573.000 197.000
000000201406,26 79.000 89.000 101 141.000 202.000 73 319.000 176.868 194 160.667 297.667
000000203210,236 197.979 311.979 237 466.163 145.895 210 288.018 292.000 130 607.176 183.017 73 40.000 146.720
000000203621,37 433.057 116.971 35 329.896 180.373 106 68.358 133.104 151 45.000 275.000
000000204999,113 128.992 196.008 45 75.000 48.000 136 467.818 114.182 196 539.128 297.530 185 373.000 30.000
000000207083,9 472.127 47.055 38 77.235 38.000 166 338.000 332.971
000000208365,198 265.036 159.000 210 612.626 206.659 150 487.000 233.950
000000209915,16 447.000 146.000 81 503.807 236.982 201 308.000 240.000 193 532.000 289.000 61 232.000 66.256 71 598.000 25.000
000000213282,233 423.130 209.150 215 112.000 165.000 143 273.244 328.000 126 198.946 206.054 34 452.000 313.000 39 185.000 210.000 86 477.000 299.000
000000214705,220 550.000 300.407 49 608.000 47.000
000000215077,178 259.412 264.555 116 146.056 326.981 234 388.012 72.057
000000216789,187 226.975 134.430 213 129.046 85.015 115 508.962 290.859
000000217989,211 600.000 66.000 168 486.989 158.000 199 359.000 16.013 86 211.000 232.000
000000219848,16 122.653 178.653 242 561.940 192.586 152 268.000 184.055
000000221513,163 536.000 309.991 194 48.015 54.062 166 561.390 207.988 210 225.432 234.811 245 469.000 41.017
000000222280,72 365.759 246.830 48 114.098 77.000 6 83.065 147.831 172 337.000 340.985 190 108.000 225.752 127 593.938 238.000
000000222635,233 203.000 92.981 235 80.981 245.698 109 301.811 32.905 154 24.000 89.429 18 318.000 259.000 174 198.000 192.000
000000223127,93 139.831 118.254 231 546.550 334.975 203 86.039 264.000 7 464.000 44.650 2 327.000 197.000
000000224777,59 306.000 207.000 62 279.000 80.615 234 305.000 342.000
000000224891,150 65.556 45.444 22 175.922 217.065 148 303.706 130.990 224 588.597 87.481 81 515.885 169.000 247 145.414 59.017
000000226472,88 436.978 37.011 143 121.986 243.000 122 380.526 260.667 172 226.837 294.163 46 16.017 252.000 194 409.000 157.000
000000226974,157 498.628 266.404 93 133.000 115.026 19 99.000 54.632
000000228215,102 247.935 86.065 214 103.375 199.458 78 515.385 29.000 175 433.000 275.000 218 179.847 289.983 128 35.000 251.000
000000228442,43 444.870 79.000 237 227.000 232.000 247 177.042 293.097 217 533.194 239.000 85 399.880 219.000 87 540.015 35.954
000000229827,182 112.000 88.000 70 454.029 219.728 6 417.000 51.000 3 593.000 226.000 243 607.000 90.000
000000233925,218 473.000 158.000 221 197.053 267.032 170 334.941 78.157 126 227.000 59.009 203 51.000 294.000 110 508.000 100.000 92 371.475 307.850
000000234535,249 468.263 70.932 154 218.149 299.243
000000238700,73 85.308 278.000 90 236.000 187.810 202 419.000 269.106 27 304.000 33.000 196 64.000 170.000
000000238709,144 451.981 297.972 229 76.021 165.670 191 308.000 35.000
000000239037,78 203.338 114.000 194 365.308 176.000 242 310.000 238.000 203 562.364 95.008 47 254.014 172.000 119 514.000 280.900 202 333.250 300.500
000000242133,16 222.020 268.000 220 525.020 211.038 220 163.959 23.694
000000242208,97 198.000 64.010 73 456.671 123.329 101 340.009 54.034
000000247259,159 376.343 231.257 169 491.154 314.000 193 608.880 258.094 228 63.000 160.949 145 130.000 279.940 237 120.000 42.000 104 171.000 155.923
000000247668,239 79.029 233.971 156 257.986 34.000 63 576.000 201.000 176 12.078 236.000
000000247945,195 230.000 276.989 225 511.120 76.000 153 376.000 177.000 227 100.127 87.109 80 385.000 83.000
000000248580,82 181.925 149.032 222 326.017 49.017 218 566.000 86.009 125 564.420 226.017 158 398.325 268.060
000000252147,228 350.990 132.980 32 591.162 189.000 168 93.027 224.063 120 172.010 53.000 94 228.000 65.000
000000254989,26 310.281 123.132 21 545.987 112.987 140 225.071 61.988 25 128.146 154.990 29 86.675 234.416 15 450.987 174.013 50 88.000 57.973 189 517.000 192.000
000000258476,193 532.900 195.983 22 157.000 249.000 141 320.086 161.971 206 182.000 67.154 230 113.966 209.914
000000260525,154 93.691 86.938 184 45.000 323.000
000000261787,1 264.632 266.412 231 565.924 41.034 117 92.000 140.000 68 121.966 64.025 188 428.000 21.000 239 580.114 169.000 136 101.000 255.000
000000264244,128 190.333 99.000 169 484.000 226.533 248 416.000 129.960 211 482.000 172.722
000000266727,50 327.861 291.982 48 456.882 87.971 126 350.000 107.102 77 490.000 313.190
000000270025,73 128.908 244.025 101 427.787 124.528 158 543.596 57.489 119 312.983 95.610 3 433.000 309.000 165 56.000 17.000 95 465.000 263.000
000000270316,194 99.927 180.973 46 431.000 162.964 110 177.000 234.021 175 369.721 215.066
000000271441,20 471.333 79.000 188 244.000 139.054 61 156.220 63.042
000000272351,237 86.000 113.000 247 195.022 276.000 17 136.000 238.000 101 334.000 297.935 206 555.000 204.000 18 510.000 168.000
000000274839,7 424.000 184.373 44 587.983 75.277 206 134.044 301.000 94 583.028 265.000 164 553.750 253.500 120 85.863 80.902 232 121.000 174.000 223 268.000 321.000
000000276047,75 49.000 308.075 69 106.983 243.042 99 112.943 115.000 221 151.229 137.104
000000277795,4 76.940 272.940 213 571.000 193.000 180 83.675 65.000 117 354.000 104.092 121 547.838 277.125 41 152.000 106.508 230 482.600 266.867 43 48.000 162.089 25 609.714 132.143
000000279710,165 344.983 299.983 211 314.246 148.992 22 422.877 88.962 61 211.000 95.162 121 108.000 314.952 15 38.000 109.000 38 157.991 52.472 100 618.044 322.000
000000280622,180 183.528 120.833 170 393.018 89.982 235 578.461 107.940 122 125.521 316.989 54 396.890 279.009 189 506.034 310.931 34 324.947 223.035
000000281674,115 344.908 63.020 1 490.960 141.053 109 156.011 263.989 116 302.711 212.031
000000283524,249 181.008 197.756 17 105.079 288.079 112 312.000 323.000
000000283557,14 303.948 215.000 239 357.990 20.640 185 509.000 189.752 185 145.253 62.000 102 353.000 298.000 242 595.000 248.000 64 434.957 148.723
000000287210,84 407.043 272.000 32 560.045 301.000 110 576.000 219.000 37 471.000 171.000
000000289341,13 278.918 220.900 225 469.635 240.486 51 96.972 123.065 61 306.094 38.000 59 475.000 80.000 34 602.000 321.367
000000290812,223 371.762 46.019 32 290.894 87.000 247 157.991 262.077 161 544.000 118.513
000000291526,91 118.825 76.000 20 516.000 23.000 16 212.000 323.000 148 598.419 101.086
000000292993,182 72.222 210.256 104 196.933 87.933 155 276.000 280.000 213 311.000 334.000 202 221.000 55.000 143 118.000 95.200
000000293242,113 332.000 87.254 77 137.029 178.990 245 300.032 192.032 131 310.933 317.990 236 421.974 159.128
000000293853,14 462.017 188.450 191 590.000 136.000 43 67.628 75.884 243 89.000 147.213 160 60.962 227.000 222 371.000 311.000
000000295328,226 519.019 237.725 12 562.964 126.364 66 442.000 274.000 210 416.000 44.000
000000297146,83 522.247 321.800 213 88.000 317.764 52 490.983 177.958 218 335.864 259.485 221 102.000 184.000
000000299794,132 585.094 327.831 207 245.015 72.030 8 44.945 88.955
000000300718,249 557.000 271.000 20 40.783 235.983 170 303.829 71.908 1 54.991 119.188 30 431.000 143.000 69 478.143 121.143
000000301195,102 189.441 244.000 0 464.016 237.000 51 262.037 82.024 151 497.875 39.819 201 543.206 311.904 134 200.000 51.000
000000301427,6 378.778 278.000 184 294.731 163.983 16 185.444 95.028 159 455.026 293.034 126 589.000 107.000 197 481.000 240.000
000000302260,42 312.000 214.000 79 146.000 40.000 60 99.903 309.597 119 28.933 74.600
000000304250,1 318.022 134.022 162 468.982 40.000 46 539.000 119.061 223 592.514 265.057 126 179.000 153.000 126 33.000 246.000 33 353.678 340.034 54 235.443 147.000 34 174.000 250.000
000000307249,65 304.000 98.500 149 242.000 78.926 192 121.000 42.000 121 472.000 28.000
000000311501,137 331.136 121.988 113 105.000 292.000 171 439.000 244.017 230 388.000 141.000 100 524.000 298.988 106 615.000 260.286
000000315383,146 485.438 236.521 214 229.013 265.987 97 125.091 56.000 74 352.310 259.060 177 568.000 275.000
000000315428,100 259.000 96.000 196 555.000 282.949 18 19.538 196.077 189 84.279 325.934 216 422.179 49.932 36 393.143 54.000 82 177.000 107.000
000000316237,235 258.169 85.185 81 599.930 299.988 234 186.982 47.909 125 64.000 34.000 57 401.000 124.000 196 544.000 153.010 203 616.974 144.009 37 120.000 315.000
000000316342,87 371.978 251.978 92 578.000 136.000 178 559.034 277.931
000000317130,156 348.945 236.033 185 449.985 114.000 116 267.000 319.000 31 599.982 122.982 93 407.000 276.500
000000318185,116 137.130 211.896 121 431.779 239.961 11 446.991 114.043 222 486.000 242.000 74 84.000 331.000
000000318813,200 250.966 194.052 95 351.025 88.874 144 183.698 48.000 207 304.000 256.000
000000323116,37 79.000 114.000 140 227.104 156.896 247 262.000 87.000 28 63.000 222.697 235 190.519 72.000 161 288.000 302.000 114 263.000 182.000
000000325261,239 478.000 286.000 94 586.982 42.071 91 49.000 317.000
000000327029,153 173.029 236.000 113 84.000 163.000 14 347.000 298.864
000000327702,232 445.853 144.078 171 74.000 235.000 77 59.000 173.000 80 553.000 102.000
000000331453,47 525.000 108.460 211 128.134 112.933 171 569.917 286.000 92 232.888 168.000
000000331697,220 192.968 112.979 8 392.180 239.850 224 534.008 330.347 91 58.863 64.600 75 322.000 261.625
000000331747,44 483.000 291.853 27 536.148 87.074 14 401.040 79.000 228 62.433 203.550 128 619.000 248.000 227 263.882 45.000 180 56.000 326.000
000000334714,246 295.903 246.903 242 431.015 118.060 75 99.050 82.900 40 514.000 51.000
000000334733,75 536.196 191.814 102 572.000 91.000 163 300.017 195.983 25 441.983 83.000 204 171.000 230.176 101 39.000 242.132 80 435.000 245.000
000000336491,124 127.000 112.944 10 145.973 172.000 187 514.968 21.984 187 211.000 57.009 156 216.000 262.000 194 66.023 275.000 95 575.000 314.000
000000336492,77 97.582 183.949 204 556.024 63.747 27 385.000 294.000 161 544.769 239.750 22 364.651 192.365 89 414.313 160.000 9 457.067 38.000
000000338474,134 246.009 73.018 224 433.009 140.963 217 506.000 243.058 139 572.000 182.000 211 140.974 168.419 16 82.009 222.000
000000346795,17 269.924 118.000 227 66.519 275.057 65 475.972 186.729 99 566.992 123.983 114 193.011 271.098
000000347217,48 368.000 105.000
000000350081,219 272.494 128.063 56 526.925 289.000 248 332.365 170.000 90 469.000 36.914 227 98.000 293.000 116 12.400 185.000 222 345.881 58.000
000000350363,217 490.420 215.067 58 487.009 33.658 174 308.000 271.527 134 558.000 132.000
000000352498,248 121.876 271.010 240 273.013 117.613 234 537.966 240.017 196 160.000 77.029 33 439.308 57.000 71 401.306 179.000 160 564.000 292.000
000000352739,249 229.990 241.990 202 521.519 264.580 96 42.000 281.897 7 588.000 230.000 216 185.818 123.909
000000354298,79 279.000 298.981 249 343.110 97.890 45 147.012 254.915 195 606.000 264.333 160 219.000 60.000 59 370.098 289.927
000000354544,76 372.000 93.255 127 73.000 95.111 154 219.208 257.667 42 307.000 307.000 216 151.000 225.500
000000355578,53 128.256 95.692 107 229.000 304.000 17 568.000 292.917 111 573.000 101.000 177 480.000 71.000
000000357587,236 354.000 294.000 177 318.844 146.156 136 31.938 175.969 71 295.000 206.000
000000358345,230 388.161 199.097 20 113.000 302.000 109 184.000 98.953 90 475.167 296.500 43 101.000 104.000 14 410.000 49.000 167 294.000 102.000
000000361480,38 68.000 207.000 89 436.015 70.000 200 177.027 66.054 108 278.282 209.026 15 218.000 209.000 4 403.000 147.000
000000361648,230 363.971 223.609 236 237.014 212.014 60 103.804 304.116 72 499.103 51.000
000000361766,217 169.847 96.390 230 312.872 186.137 114 346.000 36.000 26 242.000 164.000
000000366712,153 443.025 147.992 172 576.414 231.379
000000367518,217 419.974 267.974 158 183.000 227.057 246 390.000 97.000 184 195.000 301.000 66 581.932 313.504 84 484.000 87.958 103 300.000 193.000
000000369418,84 426.017 58.083 196 621.060 32.171 148 415.854 196.375
000000371927,145 595.696 255.000 118 156.000 268.000 92 76.000 66.000 178 56.023 204.977 6 324.000 66.000
000000372136,203 141.000 133.000 3 457.000 42.000
000000372199,34 123.043 147.000 70 233.030 76.000 154 467.000 149.000 150 518.046 82.015 211 543.000 105.000
000000372560,98 77.258 301.041 51 375.000 292.000 141 485.000 329.000 158 196.000 252.000 87 562.898 278.898 65 44.000 319.000
000000375304,139 424.000 77.872 137 569.000 157.814 248 439.000 270.000 161 616.000 248.720 21 87.754 132.754
000000376084,64 542.000 248.060 220 91.934 119.887 134 188.714 200.000 136 258.000 37.000 2 618.000 175.000
000000378278,105 39.920 282.013 140 79.078 47.922 218 347.000 162.000 57 356.000 287.000 13 394.000 23.000
000000382210,149 436.875 123.177 147 575.012 46.173
000000383452,100 254.000 109.000 218 490.000 46.000
000000383622,147 356.000 171.000 245 93.894 336.030 70 267.000 265.000
000000384007,152 428.992 302.059 212 219.221 90.000 8 326.000 66.325 87 573.102 263.624 155 319.853 143.000 134 576.000 53.000
000000385145,241 312.000 89.842 70 98.198 115.000 226 244.000 76.009 189 136.823 286.835 119 474.000 158.000
000000385903,170 114.000 238.923 121 408.924 194.314 155 605.100 175.022 163 242.000 176.000 206 377.000 34.769 166 298.000 34.163 110 53.000 300.000
000000388019,173 258.750 107.000 73 291.778 228.014 19 143.635 266.000 244 575.034 180.000
000000388026,246 309.043 60.795 127 508.000 256.266 223 238.564 312.000 7 47.000 157.172
000000389232,59 352.011 193.074 187 101.727 284.939 121 415.000 54.074 249 547.245 263.925 137 205.000 94.000
000000389589,25 329.916 174.227 10 449.059 234.983 16 190.000 273.000 206 556.932 281.906 51 55.974 284.009 26 89.137 184.000 82 112.017 244.000 126 449.000 332.000
000000390685,229 356.975 79.288 102 132.944 140.690 116 581.000 178.155 99 163.000 273.000 169 618.000 52.000
000000391410,37 127.000 297.926 36 477.242 148.000
000000392039,76 105.019 57.447 129 421.024 103.337 5 263.000 138.837 31 586.000 103.000 38 292.000 218.028
000000392443,48 506.022 222.228 87 123.495 149.000 124 389.000 215.772 15 251.000 121.000 170 331.265 103.306 13 246.974 274.000 86 453.727 172.000 102 62.000 124.000
000000395185,172 584.821 77.000 87 93.890 306.650 87 427.000 53.000 143 574.000 237.000
000000395340,35 153.851 139.851 239 340.000 200.000 132 62.000 267.075 141 575.000 306.143
000000395703,5 436.986 191.157 178 171.267 216.181 103 560.031 224.365 103 617.000 286.045 244 203.958 274.210 152 59.197 70.316 227 84.990 268.000 135 506.000 128.000 30 531.000 174.938
000000396845,187 263.731 249.970 238 28.000 240.983 214 473.123 288.000 246 155.000 282.000 165 156.000 129.000 207 143.000 229.000
000000397143,235 102.633 129.028 9 329.045 293.977 64 229.276 73.000 131 192.000 241.000 138 530.000 88.000
000000399558,194 538.000 68.000 123 126.966 52.933 120 387.000 109.000
000000400313,127 294.040 185.026 113 115.043 308.000 248 113.551 162.362 215 444.000 192.000 243 254.000 93.308 227 441.000 119.000 241 612.815 300.370 133 69.000 141.000 41 569.000 106.966
000000400567,47 563.000 61.024 14 533.000 321.000 4 434.000 38.200 38 239.733 296.000
000000401040,150 570.972 115.958 195 281.151 279.452 122 406.621 306.621 246 111.000 125.009 241 76.066 313.000 135 102.103 214.000 239 61.000 59.000
000000401251,161 365.091 272.388 59 588.000 257.639 234 173.000 46.127 107 559.000 180.000 126 259.000 78.000 61 18.000 302.000 90 43.000 80.000
000000402788,130 210.306 54.347 73 426.955 195.009 136 337.986 110.863 129 263.929 264.929 151 74.000 228.000 219 142.000 161.754
000000403389,111 566.209 197.081 212 394.013 278.000 171 278.942 80.000 206 97.226 182.830
000000404854,246 100.012 233.000 10 390.000 43.000 114 297.355 72.979 151 284.000 209.000 133 429.000 265.750 70 99.000 20.000
000000405365,136 398.311 189.932 244 598.914 46.000 146 296.310 311.929 121 256.000 84.000 20 347.000 239.000
000000405505,233 331.986 167.890 214 524.313 278.313 188 521.000 102.309 183 57.173 69.987 89 362.000 328.988 4 439.000 311.000
000000406147,122 209.057 261.897 213 427.000 203.138 72 552.000 110.000 70 507.000 256.920 191 441.976 40.024 61 282.176 237.176
000000406489,101 426.943 138.971 110 523.840 136.529 22 67.094 246.953 83 551.000 196.136 196 467.304 198.946 168 260.000 270.000
000000406988,154 324.019 241.093 38 97.010 152.010 151 514.978 294.989 93 64.019 47.019 170 284.000 99.239 174 411.035 94.000
000000411668,9 205.009 255.009
000000414112,189 170.851 292.000 235 49.000 273.000 214 364.000 131.000
000000416778,204 275.079 81.535 90 475.990 235.427 172 70.595 110.027 242 284.000 205.000 175 133.000 106.962 179 289.000 44.231
000000418557,208 540.914 246.154 197 424.650 239.641 71 182.000 177.886 51 292.647 105.706 98 534.000 171.861 174 511.000 91.000 108 604.087 217.000 178 432.000 124.000
000000420007,123 425.981 160.827 212 155.012 193.965 191 143.000 332.546 131 476.000 59.000 50 398.897 332.918 113 266.000 102.979 30 35.000 344.000
000000423932,25 470.000 243.975 248 349.972 171.972 245 205.000 278.000 245 543.000 82.000 88 116.194 89.978 170 487.862 304.000 108 257.039 127.000 68 417.530 311.462 173 432.000 86.000
000000424533,203 450.970 250.836 81 426.928 103.969 228 70.103 81.009 39 87.000 241.000 216 258.000 120.000
000000425201,32 337.000 116.000 7 192.563 281.975 92 244.000 28.393 49 233.000 327.000
000000425484,180 394.000 324.188 191 331.981 133.120 23 110.986 227.986 158 336.000 186.000
000000426762,77 270.000 159.000 28 442.000 155.307 87 516.992 311.949 49 563.983 162.317 153 198.014 204.014 64 167.000 127.000 125 378.275 208.000
000000427750,234 316.000 198.000 230 100.818 28.545
000000428602,23 189.097 204.000 206 440.040 39.000 25 353.000 59.000 229 258.000 23.000
000000428830,238 232.975 262.975 90 413.908 87.983 140 273.000 100.000 224 431.042 211.000 141 351.971 177.029 148 600.333 305.381 172 515.000 118.000
000000430079,21 390.000 83.000 72 258.889 257.889 247 138.029 140.990 177 531.096 214.713 11 383.000 274.000
000000432161,55 289.000 67.976 72 105.582 147.000 167 237.118 335.000
000000434746,148 545.886 95.063 208 587.859 269.918 100 288.188 68.521 207 139.000 155.000 211 277.000 180.000
000000435272,82 25.016 245.000 68 260.291 157.205 181 272.368 245.123 175 371.627 162.951 94 200.904 239.904
000000436660,74 44.052 286.961 73 321.000 184.019 81 49.454 314.000 182 432.000 348.000
000000436685,162 129.000 302.832 210 531.351 306.320 114 213.319 287.000 112 534.474 198.557 25 536.000 77.768 106 252.300 280.000 213 512.000 28.053
000000437831,68 95.231 149.308 244 49.632 82.000 31 554.245 250.000 62 585.043 89.000 208 495.000 115.018 106 68.000 33.397 181 413.506 57.391
000000438432,2 240.675 249.163 157 337.960 268.232
000000440060,4 488.000 50.250 241 464.000 213.982 150 431.000 134.000
000000440614,202 416.545 84.545 162 108.756 240.780 65 167.100 170.033 123 305.102 48.000 171 149.000 39.000
000000443533,224 393.926 130.032 90 286.212 248.212 156 87.000 51.000 156 533.000 306.000 117 232.000 64.000 70 606.000 245.000
000000445621,42 408.873 96.475 170 259.000 48.989 80 187.000 270.989
000000446585,240 523.169 100.462 100 418.045 64.023 89 602.500 37.000
000000447862,107 315.248 200.991 97 178.934 124.132 158 220.000 313.578 13 192.000 266.000 24 119.000 49.022
000000448705,174 383.252 144.017 185 473.812 138.573 31 236.000 133.017 76 272.000 322.211 96 40.000 281.000
000000449345,207 593.000 292.000 191 605.991 147.974 59 505.981 226.981 109 242.045 233.018 107 567.000 183.000
000000453558,111 381.083 241.892 230 340.448 54.092 246 204.000 148.000 198 99.967 39.000 63 42.000 219.000 162 93.400 124.200
000000455614,94 466.000 249.985 47 101.872 241.000 193 142.000 149.000 224 215.986 171.014 92 272.000 321.000 173 615.000 273.000
000000458058,71 277.911 182.833 164 490.162 254.034 155 114.975 117.325 144 366.861 229.348 174 486.000 321.933 217 596.913 222.986 63 272.000 49.949 183 153.000 83.091
000000458160,21 460.907 151.000 194 95.000 118.000 217 561.992 120.017 189 276.953 249.783 213 342.155 201.019 138 133.000 322.065 163 64.870 268.963 224 231.000 336.000
000000458175,189 172.100 35.000 0 360.253 296.722 40 389.014 53.000 240 34.398 106.000 235 574.000 276.000
000000462565,38 306.984 125.000 71 105.013 102.253 116 556.000 70.000 55 540.000 285.359 7 550.000 31.296 56 390.000 146.000
000000468346,205 222.000 247.739 77 60.156 87.028 196 349.776 72.440 158 603.000 311.983 208 157.804 282.925 168 590.000 82.000
000000468603,69 373.000 125.000 62 420.607 238.436 130 80.041 54.878 92 265.000 320.000
000000468773,42 66.586 158.011 166 256.000 54.024 193 295.111 179.972 179 523.235 260.823 136 159.736 116.851 243 170.000 32.000 98 53.115 51.000
000000468789,24 119.991 140.991 213 167.000 73.000 162 437.081 205.959 240 563.000 264.000 190 253.000 63.000 110 176.000 131.923 116 197.000 229.000 158 385.000 24.000
000000469832,155 246.941 107.042 71 266.845 282.897 162 356.068 138.777 218 498.913 289.000 153 558.057 318.990
000000470988,125 305.000 261.988 44 165.071 69.982 234 372.081 344.000 225 264.172 23.172 137 242.000 316.091
000000471109,195 408.960 271.951 146 500.000 251.000 91 122.943 79.885
000000471322,105 447.170 203.000 128 439.643 170.000
000000471373,139 261.516 151.758 27 115.983 168.110 13 211.325 255.000 237 559.741 183.224 82 67.000 47.000 79 602.000 244.000
000000472455,23 406.142 209.975 109 221.000 233.990 46 129.030 62.985 141 74.000 96.000
000000473199,10 133.958 184.042 210 115.239 94.162
000000474543,162 213.950 205.876 82 468.899 176.891 247 116.000 264.000 238 317.854 156.000
000000475693,26 264.989 147.022 58 588.000 221.000 234 537.909 65.985 102 349.816 274.763 139 131.000 107.000
000000477861,73 160.058 235.913 198 459.907 211.853 99 518.000 55.000 237 329.787 293.149 180 501.000 199.000 17 604.286 84.286
000000478457,21 415.980 228.000 78 166.966 133.846 157 280.444 158.370 239 546.000 293.000 201 52.987 249.039 94 557.000 73.008 95 212.690 331.733
000000480065,111 279.078 189.965 131 515.000 174.000 81 56.754 276.000
000000480676,181 295.000 325.393 20 272.859 174.008 171 471.000 217.265 4 420.000 80.957 116 588.000 90.000
000000480797,211 116.287 159.053 190 484.939 79.171 49 335.011 316.523 95 574.000 64.000 44 264.000 221.000 2 308.000 67.963 242 113.209 62.000
000000482951,154 90.125 116.920 228 152.000 253.000 228 69.000 202.000 20 240.000 270.000 5 602.000 137.000 138 253.000 159.000 107 583.000 229.000
000000484313,65 319.981 92.290 53 102.000 331.947 177 304.000 290.660 84 541.983 210.103 81 333.857 168.114 66 133.000 271.000
000000485894,159 295.983 55.025 98 182.000 290.000 193 105.008 188.992 82 585.162 50.000 223 82.022 79.000
000000486250,79 177.000 140.974 21 398.000 48.525 37 251.030 32.448 65 66.000 30.000 46 417.000 319.197 220 113.938 246.500 58 249.000 110.854
000000486362,50 411.099 206.923 232 517.000 252.976 169 83.681 182.000 244 500.000 98.985 238 130.000 30.000 145 352.000 268.000 33 129.000 180.000
000000486805,47 515.504 216.070 164 91.990 215.000 87 503.025 97.076 81 82.795 125.368 234 600.991 257.313 62 270.000 276.000 105 405.000 338.000 73 206.024 187.976
000000487825,214 292.000 181.011 137 561.000 171.000 15 244.000 54.000 169 185.000 95.877 160 593.000 239.000
000000487948,249 560.983 241.017 150 419.239 178.000 233 328.970 240.030 127 255.000 12.000
000000488796,160 49.008 169.720 23 95.009 282.000 29 513.020 327.980 150 526.984 29.000 81 377.660 230.000 175 615.000 90.169
000000489799,38 479.000 314.000 130 207.000 127.000 15 104.000 298.556 135 96.000 107.076
000000491277,248 274.978 299.912 191 501.987 242.913 10 56.526 36.000 243 119.000 283.944
000000491505,54 539.476 156.622 227 72.560 80.000 46 16.000 197.000
000000499166,163 524.088 132.971 215 292.265 206.573 12 238.050 76.000 149 51.962 176.308 113 160.154 209.969 66 616.000 301.000
000000499202,141 362.964 297.807 249 220.000 310.029 109 624.877 169.921 235 570.000 252.000
000000506411,1 315.231 291.094 59 259.202 93.690 171 252.000 265.867 133 589.508 42.429 70 460.000 189.978 233 493.000 315.000 100 75.000 173.000 166 67.000 25.000 48 329.000 134.000
000000508531,115 125.622 228.042 75 223.000 295.000 235 223.700 94.000 94 137.000 31.000
000000508748,225 157.987 222.987 174 17.205 213.350 125 549.000 32.000 201 285.910 304.000 170 600.000 46.486 88 270.991 192.000 90 520.000 269.000
000000509895,239 92.029 301.951 73 305.987 86.000 166 323.924 218.000 47 371.000 127.099
000000509948,227 509.900 211.050 238 159.115 327.984 1 560.000 8.000 114 456.000 51.000
000000510340,81 592.984 241.000 131 295.000 270.000
000000511853,73 73.393 98.361 157 547.037 236.901 115 335.882 287.991 3 160.000 40.500 82 385.000 227.000
000000521379,205 299.911 231.922 206 76.000 166.000 14 601.681 112.000
000000527510,106 396.894 305.000 50 174.704 171.000 93 58.000 87.000 228 216.000 194.105 231 233.000 295.000
000000528142,202 65.701 148.000 173 375.972 240.000 6 584.883 201.926 240 250.000 161.000
000000528275,213 385.035 76.024 54 416.019 252.000 239 46.000 139.000
000000529667,49 391.026 217.662 220 474.774 157.988 195 62.784 113.500 207 396.000 131.269 224 56.010 245.000 74 144.012 218.000 100 439.000 52.910 235 538.000 250.982
000000529804,196 344.014 83.000 162 478.176 210.286 209 451.009 82.327 83 601.000 145.000 31 165.000 130.000
000000530396,215 197.568 213.545 65 591.118 42.101 125 411.678 111.831 88 391.544 215.214 35 81.819 245.000 171 570.714 266.000
000000530783,3 269.984 212.016 158 575.000 162.000 84 79.000 309.000 89 385.169 259.000
000000535393,156 96.079 250.895 126 533.929 95.571 25 238.889 236.970 123 570.011 196.109 68 368.000 60.000
000000535795,241 246.134 152.976 128 360.866 241.940 5 597.234 248.000 130 94.000 184.000
000000536412,45 52.970 306.000 118 275.056 251.472 124 378.000 258.000
000000536467,212 309.318 256.093 141 473.072 194.464 243 116.988 64.750 53 598.000 113.000
000000540039,87 356.725 263.958 113 140.000 108.105 32 305.000 176.000 169 552.000 212.017 40 53.281 227.702 56 264.000 306.000 241 485.000 108.000
000000540882,140 510.978 260.978 55 357.714 208.990 46 422.000 64.000 96 552.000 87.000
000000541280,118 151.319 175.983 49 387.879 327.000
000000541999,44 244.927 156.177 198 34.000 313.065 138 582.000 191.411 171 485.000 87.017
000000544272,68 550.017 263.017 68 321.089 217.000 159 256.000 222.423 58 313.107 127.133 211 567.000 181.000 29 45.000 106.853 17 49.009 249.607
000000545191,22 114.000 219.080 36 353.012 279.000 64 361.034 32.011 202 519.009 223.650 179 124.855 83.000 162 198.861 44.889 148 554.000 64.000 31 310.000 235.000
000000547284,100 329.851 178.000 97 410.017 200.420 18 172.000 288.000 21 472.000 64.500 167 542.000 46.000 179 82.000 241.000 114 557.898 193.000
000000547846,30 502.000 198.429
000000548538,183 175.615 92.000 6 421.053 129.000 65 414.000 235.000 41 204.000 144.000 145 590.000 58.000
000000548979,16 399.479 204.325 168 101.557 200.383 54 412.000 34.000
000000550878,183 260.000 304.000 189 595.943 134.000 201 596.000 246.000
000000551023,138 249.000 168.989 248 314.840 259.160 32 560.030 308.985 148 33.043 217.000 63 617.020 183.880 198 505.158 337.000
000000553954,200 74.000 232.000 207 121.000 92.000 136 271.000 66.000 19 52.506 90.855 84 351.000 287.000
000000554556,169 21.000 58.000 174 93.008 111.686 179 423.000 69.959 125 79.000 317.000 132 595.953 171.000
000000555108,34 503.972 236.991 74 584.000 170.500 140 43.000 148.932 189 396.963 112.000 31 64.045 238.000 200 586.000 306.000
000000556660,41 329.000 262.968 148 615.981 172.000
000000558274,22 281.010 192.010 231 454.454 161.042 56 83.983 41.017 145 186.017 128.824 61 199.983 287.109 203 505.700 328.000
000000561382,106 468.880 266.640 71 45.000 321.990 211 174.918 314.000 194 76.000 42.000
000000561393,186 364.471 82.378 248 532.980 261.960 89 421.299 184.000 130 512.949 112.017 234 333.667 316.000 65 130.000 240.000 162 106.000 87.000
000000562037,171 129.122 211.194 159 515.889 74.179 36 208.000 95.962
000000562101,76 474.161 241.893 95 128.336 274.034 126 189.000 129.000 178 583.991 48.162 44 424.000 53.991 40 584.108 102.923
000000564217,17 465.038 142.000 166 366.333 287.208 248 367.000 220.988 192 566.000 162.000 141 462.649 288.000 94 619.000 159.000
000000564508,225 202.093 320.000 142 237.000 125.000
000000564848,24 497.970 73.810 66 25.182 265.071 135 118.056 188.778 74 146.000 76.000
000000565002,92 537.893 134.039 130 125.017 35.009 77 591.000 195.000 169 195.145 100.513 232 102.979 241.000
000000566214,118 361.694 65.339 12 116.000 280.000 113 274.000 274.000 121 154.012 106.918 124 493.522 278.043
000000567189,77 183.000 188.019 177 225.723 46.017 121 313.012 137.928 229 118.000 138.949 21 378.000 315.000 9 392.000 46.000 178 466.000 341.000
000000568237,223 499.000 155.924 217 75.000 238.000
000000570548,244 266.937 138.063
000000571182,17 122.034 141.000 101 563.123 54.020 174 388.000 231.000 68 496.511 281.000 23 568.000 328.973
000000571603,44 292.000 228.889 197 151.949 320.000 148 152.714 202.365 5 285.964 319.000 41 193.000 120.000 38 552.778 224.000
000000572362,48 475.009 67.043 188 146.000 263.000 160 289.000 123.000 221 252.500 154.250
000000572671,186 282.016 212.016 215 474.051 171.627 72 584.000 213.000 102 97.000 36.000 0 456.000 269.000
000000574579,94 463.956 165.000 94 446.983 39.991 38 395.000 305.000 129 344.000 307.821
000000575227,29 138.000 260.153 90 549.000 103.000 127 507.950 177.017 177 108.888 47.000 135 56.527 48.000
000000576082,142 307.000 284.000 126 509.000 66.037 128 371.857 176.571 36 258.000 337.051 133 231.000 86.155
000000577125,228 334.015 139.910 34 517.829 285.277 95 524.976 110.119 122 384.500 52.972
000000578210,209 312.019 92.046 5 151.957 81.000 171 36.594 251.000 136 57.362 62.351 161 466.074 95.958 71 110.000 154.143
000000581022,168 484.957 169.785 19 363.987 298.000 164 37.598 287.980 40 199.010 319.667 22 330.016 34.000
