image_id,score,gt_count,spam_count
000000223127,0.999314916623381,5,0
000000420007,0.9992697389604625,7,0
000000131133,0.9991484992009202,6,0
000000226472,0.9992998909591374,6,0
000000436685,0.9989721197355431,7,0
000000367518,0.8563805520865693,7,0
000000327029,0.7496270400817661,3,1
000000406489,0.9989946814764009,6,0
000000018641,0.9993964725783208,7,0
000000570548,0.9989648304829319,1,0
000000458175,0.999213743274813,5,0
000000382210,0.665490956742376,3,0
000000291526,0.9996897875794886,4,0
000000254989,0.9994731454827054,8,0
000000216789,0.9978631001710387,3,0
000000327702,0.9990000076793428,4,0
000000536412,0.9993573821454681,3,0
000000555108,0.9989919939298672,6,0
000000301427,0.9990798660834278,6,0
000000416778,0.9984623904376968,6,0
000000281674,0.9995293937189016,4,0
000000222280,0.9991156566920939,6,0
000000215077,0.9987782463043624,3,0
000000361648,0.9988561084777735,4,0
000000096463,0.8878256017136306,9,0
000000069325,0.9993089662837841,9,0
000000487948,0.9987346171374933,4,0
000000009091,0.9996602930347485,4,0
000000143085,0.9994005988118799,4,0
000000021972,0.9990742912228002,4,0
000000304250,0.9995077301638113,9,0
000000545191,0.9995534259668052,8,0
000000287210,0.9994899383357065,4,0
000000401251,0.9985311683804046,7,0
000000455614,0.9989203523957455,6,0
000000234535,0.9985403822904446,2,0
000000238700,0.9973677172307317,5,0
000000318185,0.9989644366482464,5,0
000000190415,0.6660778865166965,2,1
000000094132,0.7997735474139794,5,0
000000485894,0.9993745299685817,5,0
000000528142,0.9989126779528854,4,0
000000224891,0.9988008147011872,6,0
000000233925,0.9988954016342729,7,0
000000372136,0.9997072551066613,2,0
000000484313,0.9994294116683761,6,0
000000468773,0.9993266953001537,7,0
000000499166,0.999579555178684,6,0
000000486362,0.9991117813774913,7,0
000000551023,0.9987243275933552,6,0
000000033500,0.99912123244418,5,0
000000055514,0.9985661637521451,3,0
000000331453,0.9990747787345517,4,0
000000005483,0.9988939871127958,2,0
000000073280,0.9977700507542491,8,0
000000469832,0.9990982918596005,5,0
000000561382,0.998010883663603,4,0
000000578210,0.8562526977849713,7,0
000000395703,0.8174443206019958,11,0
000000115676,0.9990723319787781,5,0
000000068581,0.9993923166693599,4,0
000000043712,0.9995714727687712,5,0
000000084884,0.9990843225034913,4,0
000000201406,0.9851123756436467,4,0
000000065773,0.9993392603489621,5,0
000000272351,0.8561478180724909,7,0
000000107741,0.9992394727985859,3,0
000000528275,0.999237625686405,3,0
000000354298,0.9992188759986215,6,0
000000064599,0.9994592705348592,6,0
000000097311,0.832848546207654,6,0
000000571182,0.9994356676678141,5,0
000000548979,0.999132551478913,3,0
000000247668,0.9988512819076416,4,0
000000529804,0.8327920570604596,6,0
000000302260,0.9748545853321373,4,0
000000388026,0.9996426369229079,4,0
000000357587,0.9986376813386397,4,0
000000443533,0.999267398465121,6,0
000000242208,0.9993456916751611,3,0
000000564217,0.9992396775192408,6,0
000000045040,0.9985481398159514,7,0
000000013670,0.9990493865252591,4,0
000000158088,0.9993766641259016,7,0
000000020254,0.8326974707498809,6,0
000000015528,0.9969899724560958,2,0
000000203621,0.7980383752286737,5,0
000000279710,0.999203831884976,8,0
000000214705,0.9988403934341354,2,0
000000509948,0.99922039839285,4,0
000000530783,0.9992124323936245,4,0
000000389589,0.9995695456904132,8,0
000000352739,0.9986891671988717,5,0
000000032522,0.9989167560668119,8,0
000000358345,0.9987783495654537,7,0
000000293853,0.9993972214440102,6,0
000000264244,0.7988211728454007,5,0
000000334733,0.9991143253358541,7,0
000000488796,0.9995203840902774,6,0
000000030068,0.9992124229503513,8,0
000000510340,0.9993628552106655,2,0
000000143009,0.9990849207131335,6,0
000000462565,0.9987488535238689,6,0
000000316237,0.9987066059741783,8,0
000000283524,0.9995177432166161,3,0
000000047511,0.9995188957952031,5,0
000000400567,0.9989309071831033,4,0
000000558274,0.8564327028167193,7,0
000000383452,0.9996513226863228,2,0
000000126798,0.9992514069160473,4,0
000000338474,0.9994411422071664,6,0
000000108451,0.8992358565516234,9,1
000000390685,0.9984355735215684,5,0
000000015409,0.79942690543095,5,0
000000486805,0.998939110259303,8,0
000000101115,0.9994138397483399,5,0
000000564848,0.9993136696262511,4,0
000000015653,0.999104320895384,6,0
000000229827,0.9991717843019163,5,0
000000331747,0.9979638432343876,7,0
000000392443,0.9994584706090051,8,0
000000458160,0.9991654310352341,8,0
000000162213,0.9990091522304676,5,0
000000293242,0.9994898903849931,5,0
000000116413,0.9987947920740811,4,0
000000403389,0.9996555837594394,4,0
000000191972,0.9993221073226719,5,0
000000209915,0.9994665532013493,6,0
000000554556,0.9997600018563848,5,0
000000221513,0.9993845797716204,5,0
000000045633,0.9986961418529728,4,0
000000151611,0.9995454688910326,4,0
000000470988,0.9989344885766307,5,0
000000274839,0.9992653176657805,8,0
000000366712,0.9995967017260436,2,0
000000473199,0.9983416570225622,2,0
000000371927,0.9988516980066283,5,0
000000295328,0.9996978504067269,4,0
000000448705,0.9945335056889778,5,0
000000566214,0.9990518325805496,5,0
000000432161,0.7492334652008114,4,0
000000006539,0.9995136439368046,4,0
000000361766,0.749133907647684,4,0
000000535795,0.9988505089417746,4,0
000000562037,0.7494891963564287,4,0
000000076937,0.9996047251212782,3,0
000000547284,0.9991019727715104,7,0
000000355578,0.9996250256496557,5,0
000000425484,0.7992916020895101,5,0
000000077814,0.9993777558040683,3,0
000000383622,0.7493037027359452,3,1
000000352498,0.9993137189530173,7,0
000000201010,0.7136785772646556,7,0
000000562101,0.9987807411657569,6,0
000000177652,0.9985649346236017,4,0
000000140667,0.9994610898751654,7,0
000000311501,0.99940519255327,6,0
000000449345,0.9992853296061197,5,0
000000354544,0.997859000981441,5,0
000000471109,0.9994061450414167,3,0
000000424533,0.9994861390143057,5,0
000000004442,0.7490061367180535,4,0
000000336492,0.9991289375309372,7,0
000000145048,0.9993563186098774,6,0
000000491505,0.7496963972374268,4,0
000000529667,0.9994787107641852,8,0
000000530396,0.999410142962691,6,0
000000576082,0.9986653626035844,5,0
000000315428,0.9990586295976159,7,0
000000224777,0.9992101902650296,3,0
000000435272,0.9993959305163479,5,0
000000480676,0.9987051425351418,5,0
000000471322,0.9991497024751173,2,0
000000489799,0.9990801340868842,4,0
000000458058,0.9991310447262067,8,0
000000039643,0.9990692437307088,4,0
000000151265,0.8745447758613882,8,0
000000440614,0.8323571349153265,6,0
000000068688,0.9984825376866958,3,0
000000548538,0.9990593706214053,5,0
000000347217,0.997848060125861,1,0
000000478457,0.8743206811760247,8,0
000000270316,0.9993978224119,4,0
000000391410,0.999656157952547,2,0
000000556660,0.9995626451657165,2,0
000000079824,0.9992018368274784,4,0
000000045016,0.9990490825038059,8,0
000000075906,0.998831328237855,5,0
000000098514,0.9995318688216707,7,0
000000048791,0.9994699989275251,9,0
000000125586,0.9994584013568862,3,0
000000301195,0.9994604113608706,6,0
000000228215,0.9989546315458493,6,0
000000029327,0.9992122030857319,3,0
000000297146,0.9994775419530821,5,0
000000193629,0.9995013460865684,1,0
000000572362,0.5711398589047689,6,1
000000159592,0.9990225508250502,3,0
000000194407,0.9993929524624144,2,0
000000572671,0.8327862429091129,6,0
000000098801,0.7998231973629067,5,0
000000369418,0.9989970359899961,3,0
000000334714,0.9992220125962811,4,0
000000258476,0.9992982472471835,5,0
000000125213,0.9993869727617382,5,0
000000022087,0.6661426396296669,3,0
000000406988,0.9993343591070363,6,0
000000474543,0.9985775495485943,4,0
000000203210,0.999351544632556,5,0
000000434746,0.9993648025548021,5,0
000000372199,0.9988324345716926,5,0
000000506411,0.9992510248387292,9,0
000000239037,0.9991538672911612,7,0
000000094392,0.9992783562276695,3,0
000000385145,0.9984975517069744,5,0
000000547846,0.49997829006703215,2,0
000000197444,0.9984356458480647,3,0
000000399558,0.9993998332238383,3,0
000000200978,0.9998459187198679,4,0
000000098437,0.999029995598155,4,0
000000002536,0.9990066277320533,7,0
000000480065,0.9995570352172872,3,0
000000396845,0.8564424236943582,6,1
000000472455,0.9991402309133915,4,0
000000181386,0.8331947986320878,6,0
000000375304,0.9990774413950522,5,0
000000180541,0.9995248989442743,7,0
000000173221,0.9993429457177323,5,0
000000207083,0.9998980801626157,3,0
000000073045,0.9993862351737839,7,0
000000174157,0.9984038968443514,3,0
000000002270,0.8565494699941795,7,0
000000453558,0.9989809499586343,6,0
000000132420,0.9992226428514386,7,0
000000378278,0.9990222680035767,5,0
000000064794,0.9996053000169787,6,0
000000468346,0.9996264437179391,6,0
000000280622,0.9997098786227464,7,0
000000099567,0.8718691458770417,7,1
000000247259,0.9991550681733129,7,0
000000292993,0.9996995702255246,6,0
000000389232,0.9988007213382282,5,0
000000059123,0.999082157603184,10,0
000000565002,0.9991411725353718,5,0
000000219848,0.7494999179798397,4,0
000000277795,0.9987984276212766,9,0
000000077680,0.9988187710553798,4,0
000000346795,0.9992474975166348,5,0
000000535393,0.999266052836953,5,0
000000226974,0.9986498201060386,3,0
000000163777,0.9992602057813136,9,0
000000446585,0.9988443329319221,3,0
000000445621,0.7499002354465492,4,0
000000047599,0.9994964459257358,4,0
000000145793,0.99826580122518,3,0
000000260525,0.6663372124936157,3,0
000000406147,0.9989152716993965,6,0
000000574579,0.9992313574738431,4,0
000000564508,0.9990524891199593,2,0
000000323116,0.9988432435758651,7,0
000000397143,0.999336224610429,5,0
000000017613,0.999855810814634,2,0
000000252147,0.9995200615691914,5,0
000000480797,0.9991304094775832,7,0
000000423932,0.9994313350478543,9,0
000000425201,0.9998049983479858,4,0
000000405365,0.9994734319021699,5,0
000000163728,0.9995893569716271,3,0
000000222635,0.9951676277793542,6,0
000000540882,0.9989487640830721,4,0
000000402788,0.999741679250791,6,0
000000217989,0.9990186467082592,4,0
000000019358,0.998868609652073,3,0
000000331697,0.998375332945362,5,0
000000027569,0.9990265913736154,2,0
000000116722,0.9991395179393913,3,0
000000104053,0.9987110686395728,6,0
000000107140,0.9991816964682483,7,0
000000178430,0.9993747206334145,7,0
000000392039,0.9990098037192124,5,0
000000384007,0.9991080378810892,6,0
000000110758,0.8745512749221882,8,0
000000248580,0.9996421875362322,5,0
000000575227,0.9990291276013545,5,0
000000426762,0.998966449870464,7,0
000000009983,0.9991936561576141,6,0
000000411668,0.49974783808772877,2,0
000000385903,0.9995435767685247,7,0
000000019385,0.8994803802037253,10,0
000000418557,0.9987470001371799,8,0
000000001171,0.7481518079108769,4,0
000000428830,0.9984245818794649,7,0
000000116803,0.9988947756299809,5,0
000000376084,0.9991309112760337,5,0
000000054949,0.999193752703222,8,0
000000051642,0.9990115410092233,5,0
000000247945,0.9982245986973393,5,0
000000109011,0.9995049426599182,4,0
000000290812,0.9988291759051025,4,0
000000300718,0.9990261549765066,6,0
000000350081,0.9996197249875162,7,0
000000395185,0.9990286923084236,4,0
000000475693,0.9998588771853727,5,0
000000482951,0.9995455992124339,7,0
000000154686,0.9993007744638159,6,0
000000567189,0.99943240257448,7,0
000000428602,0.9991782062945447,4,0
000000160629,0.9992889129600253,8,0
000000159756,0.9988517978038175,5,0
000000150358,0.9989545863937084,4,0
000000477861,0.9991508948266418,6,0
000000283557,0.9996585611527455,7,0
000000228442,0.999331673165695,6,0
000000119922,0.9984968211748416,7,0
000000019737,0.9994974112887253,5,0
000000095809,0.9992775447646909,9,0
000000065965,0.9993199852843876,4,0
000000414112,0.9995617035209253,3,0
000000325261,0.5997011232622389,5,0
000000350363,0.7493148399303874,4,0
000000213282,0.997470226976499,7,0
000000158384,0.9986537238267643,3,0
000000208365,0.9992807404128768,3,0
000000581022,0.9993025884924723,5,0
000000430079,0.9995990532358485,5,0
000000438432,0.9981568416692516,2,0
000000102989,0.9992057440151122,5,0
000000307249,0.9990501329432745,4,0
000000188414,0.8325561171373289,6,0
000000536467,0.9988416892063978,4,0
000000508748,0.8745224519260731,8,0
000000561393,0.874024379811638,8,0
000000361480,0.999677924903338,6,0
000000071224,0.9995735852929769,4,0
000000171766,0.8563587433487034,7,0
000000427750,0.9993898240658237,2,0
000000318813,0.9991198239717968,4,0
000000405505,0.9994750281768855,6,0
000000499202,0.7993078393294926,5,0
000000044140,0.9994828252173691,3,0
000000372560,0.9991856810254883,6,0
000000509895,0.9996530493089092,4,0
000000142108,0.7491731322851993,4,0
000000487825,0.9985189971169923,5,0
000000141879,0.9991096956620745,3,0
000000550878,0.9997638430006749,3,0
000000299794,0.9992310023543395,3,0
000000541280,0.9977913823365557,2,0
000000508531,0.9996338089554799,4,0
000000395340,0.9994659249399475,4,0
000000242133,0.9998508916089467,3,0
000000104596,0.9992151621220259,6,0
000000276047,0.9991332988642806,4,0
000000270025,0.9990116068043319,7,0
000000521379,0.9977077762508196,3,0
000000178382,0.9985183395421591,2,0
000000404854,0.9993142245823043,6,0
000000568237,0.6661730098395816,3,0
000000471373,0.9987537430749938,6,0
000000577125,0.9993552355097952,4,0
000000491277,0.9987900850324022,4,0
000000076866,0.9992431154421437,5,0
000000180045,0.9993677930175952,4,0
000000553954,0.9991969296455379,5,0
000000437831,0.9993056742531012,7,0
000000198198,0.9991809267896623,8,0
000000199112,0.999518920423458,8,0
000000271441,0.9989592694399135,3,0
000000054974,0.9990058958443279,3,0
000000447862,0.9990114682778074,5,0
000000336491,0.999196090661625,7,0
000000141807,0.997756295404555,4,0
000000130681,0.9994370117559649,4,0
000000527510,0.8326972266416645,6,0
000000401040,0.9990739134062908,7,0
000000541999,0.9992702815035721,4,0
000000317130,0.9993905636756096,5,0
000000544272,0.9992701873855625,7,0
000000108228,0.9987758532819735,5,0
000000316342,0.999364316370157,3,0
000000486250,0.8746454520263582,8,0
000000468603,0.9988956024600083,4,0
000000400313,0.9994619040359888,9,0
000000261787,0.9992915252756494,7,0
000000468789,0.999581593178551,8,0
000000436660,0.9993291877592063,4,0
000000167683,0.8327026099868652,6,0
000000238709,0.9994965922232809,3,0
000000204999,0.8328622690691109,6,0
000000388019,0.9985472914343085,4,0
000000033405,0.9990083360644131,3,0
000000440060,0.9990269694200484,3,0
000000112295,0.9996376578772063,5,0
000000266727,0.9996373815778569,4,0
000000571603,0.9995874694837639,6,0
000000540039,0.874451945590761,8,0
000000289341,0.9986072259174898,6,0
000000094436,0.5994142295365994,5,0
000000511853,0.9988239992754769,5,0
000000315383,0.9978958588816902,5,0
